{
  "name": "applepayjs-polyfill",
  "description": "A JavaScript polyfill for Apple Pay JS.",
  "private": false,
  "authors": [
    "Just Eat",
    "Martin Costello"
  ],
  "homepage": "https://github.com/justeat/applepayjs-polyfill",
  "ignore": [
    "**/.*",
    "bower_components",
    "node_modules",
    "test",
    "tests"
  ],
  "keywords": [
    "apple",
    "pay",
    "applepay",
    "apple-pay",
    "polyfill"
  ],
  "license": "Apache-2.0",
  "main": "ApplePaySession.js",
  "moduleType": "globals",
  "repository": {
    "type": "git",
    "url": "git://github.com/justeat/applepayjs-polyfill.git"
  },
  "version": "2.0.0",
  "_release": "2.0.0",
  "_resolution": {
    "type": "version",
    "tag": "2.0.0",
    "commit": "fc3200274a4544efef50e1736f5250300ac924ce"
  },
  "_source": "https://github.com/justeat/applepayjs-polyfill.git",
  "_target": "2.0.0",
  "_originalSource": "applepayjs-polyfill"
}